[{"date":"2022-08-11T00:00:00Z","event":"http://www.wikidata.org/entity/Q97000628","eventLabel":"Wikimania 2022"},{"date":"2022-09-04T00:00:00Z","event":"http://www.wikidata.org/entity/Q100951960","eventLabel":"2022 Chilean constitutional plebiscite"},{"date":"2022-08-28T00:00:00Z","event":"http://www.wikidata.org/entity/Q108330783","eventLabel":"Another World: The Transcendental Painting Group"},{"date":"2022-08-15T00:00:00Z","event":"http://www.wikidata.org/entity/Q108749396","eventLabel":"75th Year of Independence Day of India"},{"date":"2022-08-25T00:00:00Z","event":"http://www.wikidata.org/entity/Q108822097","eventLabel":"2022 IIHF Women's World Championship"},{"date":"2022-08-16T00:00:00Z","event":"http://www.wikidata.org/entity/Q111458242","eventLabel":"2022 Alaska's at-large congressional district special election"},{"date":"2022-08-19T00:00:00Z","event":"http://www.wikidata.org/entity/Q111527387","eventLabel":"State of the Map 2022"},{"date":"2022-08-15T00:00:00Z","event":"http://www.wikidata.org/entity/Q111739923","eventLabel":"GAMM 2022"},{"date":"2022-09-01T00:00:00Z","event":"http://www.wikidata.org/entity/Q111806007","eventLabel":"Wiki Loves Monuments 2022 in Italy"},{"date":"2022-08-23T00:00:00Z","event":"http://www.wikidata.org/entity/Q112811646","eventLabel":"2022 Tulsa municipal elections"}]